{"NomBateau": "ORO'NUI", "CodeMMSI": "MMSI12345", "Batterie": 0.10384275337992493, "Cap": 0.348315368401, "roll": 0.035342918325, "pitch": -0.15915657886700002, "yaw": 0.348315368401}